section,rank,lags,score,median_signal_strength,stability_penalty,phi_std_sum,mean_abs_phi,max_abs_phi,n_lags
tick_mid,1,"(1,)",-4.4071034488430875e-05,0.0,4.4071034488430875e-05,4.4071034488430875e-05,1.1696939048805122e-05,0.00029623611712504985,1
tick_mid,2,"(130,)",-0.003735551458996787,0.0,0.003735551458996787,0.003735551458996787,0.002823303243147403,0.011214586853455406,1
tick_mid,3,"(1, 130)",-0.0037909294159409455,0.0,0.0037909294159409455,0.0037909294159409455,0.0014236205683315437,0.011221819432161537,2
tick_mid,4,"(470,)",-0.004035995930100893,0.0,0.004035995930100893,0.004035995930100893,0.003085269813424367,0.011890089987091566,1
tick_mid,5,"(1, 470)",-0.004092143113190313,0.0,0.004092143113190313,0.004092143113190313,0.0015554763384406942,0.011890090331312698,2
tick_mid,6,"(290,)",-0.004166339501308785,0.0,0.004166339501308785,0.004166339501308785,0.00360368298085911,0.01226261546941406,1
tick_mid,7,"(1, 290)",-0.00422262398434579,0.0,0.00422262398434579,0.00422262398434579,0.0018158631217904992,0.012264620213983404,2
tick_mid,8,"(18,)",-0.004317964267598785,0.0,0.004317964267598785,0.004317964267598785,0.0033423061173107503,0.01716908370521622,1
tick_mid,9,"(1, 18)",-0.004381072994016766,0.0,0.004381072994016766,0.004381072994016766,0.0016858352252256575,0.01716908418103618,2
tick_mid,10,"(240,)",-0.004416365510750168,0.0,0.004416365510750168,0.004416365510750168,0.003439119071638407,0.011248890624055307,1
tick_mid,11,"(370,)",-0.004435781378809077,0.0,0.004435781378809077,0.004435781378809077,0.0035816412112055734,0.012308639374075165,1
tick_mid,12,"(1, 240)",-0.004471874171899521,0.0,0.004471874171899521,0.004471874171899521,0.0017341702689249935,0.011249075751673223,2
tick_mid,13,"(1, 370)",-0.004486410411930271,0.0,0.004486410411930271,0.004486410411930271,0.001803600496219737,0.012308861419876983,2
tick_mid,14,"(150,)",-0.0045707934997805295,0.0,0.0045707934997805295,0.0045707934997805295,0.003568486418783143,0.01415410322304896,1
tick_mid,15,"(40,)",-0.004591637606527819,0.0,0.004591637606527819,0.004591637606527819,0.0037243207743196645,0.010611035798249945,1
tick_mid,16,"(49,)",-0.004616139832788783,0.0,0.004616139832788783,0.004616139832788783,0.003586333385641658,0.01343606918233865,1
tick_mid,17,"(1, 150)",-0.004623685118314117,0.0,0.004623685118314117,0.004623685118314117,0.0017967877761305277,0.014155219549813657,2
tick_mid,18,"(1, 40)",-0.004640158471174718,0.0,0.004640158471174718,0.004640158471174718,0.0018736137437623413,0.01061097100965079,2
tick_mid,19,"(400,)",-0.004649470722842735,0.0,0.004649470722842735,0.004649470722842735,0.0035645188165631635,0.014309583536513423,1
tick_mid,20,"(1, 49)",-0.004664185361762823,0.0,0.004664185361762823,0.004664185361762823,0.001806158699728916,0.013435918459794681,2
tick_mid,21,"(310,)",-0.0046904135994654825,0.0,0.0046904135994654825,0.0046904135994654825,0.00371203546233421,0.012988925652716914,1
tick_mid,22,"(1, 400)",-0.004701479990055259,0.0,0.004701479990055259,0.004701479990055259,0.0017960847152205402,0.014310929770660922,2
tick_mid,23,"(250,)",-0.004718568421478347,0.0,0.004718568421478347,0.004718568421478347,0.0032992679512492333,0.014530510415219714,1
tick_mid,24,"(1, 310)",-0.004754999566774109,0.0,0.004754999566774109,0.004754999566774109,0.0018716580629662325,0.012990122038100111,2
tick_mid,25,"(1, 250)",-0.004768719249023202,0.0,0.004768719249023202,0.004768719249023202,0.0016616428144356802,0.01453052498352933,2
tick_mid,26,"(90,)",-0.004906018493085592,0.0,0.004906018493085592,0.004906018493085592,0.00357843888827762,0.01878625889094696,1
tick_mid,27,"(550,)",-0.0049534497988165515,0.0,0.0049534497988165515,0.0049534497988165515,0.0038572380744184187,0.015664743437130504,1
tick_mid,28,"(1, 90)",-0.0049614169518937806,0.0,0.0049614169518937806,0.0049614169518937806,0.0018017924848097882,0.018787130732291157,2
tick_mid,29,"(160,)",-0.0049683000465131945,0.0,0.0049683000465131945,0.0049683000465131945,0.0037974687303450982,0.016521864024638937,1
tick_mid,30,"(570,)",-0.004979736882113724,0.0,0.004979736882113724,0.004979736882113724,0.0039163133388774645,0.015446412384290426,1
tick_micro,1,"(1, 4, 7)",49.11657586929643,49.24956633531202,0.13299046601558687,0.13299046601558687,0.07857995750413879,0.28449720877554713,3
tick_micro,2,"(1, 4, 6)",49.106127186344324,49.247885186655346,0.14175800031101948,0.14175800031101948,0.08075319169204392,0.2848726364712621,3
tick_micro,3,"(1, 6, 7)",49.01273553087909,49.14848774157037,0.13575221069127644,0.13575221069127644,0.08421130639218213,0.2835483073341739,3
tick_micro,4,"(1, 7, 8)",48.97935686696328,49.10210905754373,0.12275219058044902,0.12275219058044902,0.08278308982557243,0.2830997807728206,3
tick_micro,5,"(1, 4, 8)",48.96945022491058,49.09903345879626,0.12958323388567866,0.12958323388567866,0.0789645854395615,0.2843507998076176,3
tick_micro,6,"(1, 4, 5)",48.96841096665525,49.116925227114685,0.14851426045943436,0.14851426045943436,0.08071109507391273,0.2839269619665356,3
tick_micro,7,"(1, 4, 9)",48.93751078508983,49.0736792779069,0.1361684928170696,0.1361684928170696,0.07599999761730432,0.2842567352696281,3
tick_micro,8,"(1, 5, 6)",48.93048903141515,49.07430529219709,0.14381626078193993,0.14381626078193993,0.08364338692883147,0.28272292097034046,3
tick_micro,9,"(1, 5, 7)",48.91610161392426,49.0444623315403,0.12836071761603865,0.12836071761603865,0.07821646438982346,0.28260634875607704,3
tick_micro,10,"(1, 5, 8)",48.91590361937493,49.043321898433334,0.12741827905840225,0.12741827905840225,0.07958004974641285,0.2823496953580052,3
tick_micro,11,"(1, 6, 8)",48.88916569584985,49.01619627069215,0.12703057484230001,0.12703057484230001,0.08025612672363432,0.2828350407778349,3
tick_micro,12,"(1, 8, 9)",48.87490569192541,49.00017230754282,0.12526661561740648,0.12526661561740648,0.07798254019180027,0.28254887925840083,3
tick_micro,13,"(1, 4, 390)",48.870745829920565,48.99717896519674,0.12643313527617608,0.12643313527617608,0.07403432134737487,0.28417438344054213,3
tick_micro,14,"(1, 4, 270)",48.86903093183187,48.99430482305558,0.12527389122370655,0.12527389122370655,0.07373165288960999,0.284185610132727,3
tick_micro,15,"(1, 4, 160)",48.86829524482444,48.996031184881325,0.12773594005688738,0.12773594005688738,0.0742451733904272,0.2841601945446314,3
tick_micro,16,"(1, 4)",48.86729297034779,48.98744095239333,0.1201479820455403,0.1201479820455403,0.1087729494058514,0.2841806919620572,2
tick_micro,17,"(1, 7, 490)",48.86683200047003,48.98167930813282,0.11484730766278803,0.11484730766278803,0.07410346216708383,0.2827085790363863,3
tick_micro,18,"(1, 4, 52)",48.86606853022875,48.99369235142182,0.12762382119307009,0.12762382119307009,0.0742646283711542,0.28417942691391745,3
tick_micro,19,"(1, 5, 490)",48.865512117026306,48.98894913879385,0.12343702176754051,0.12343702176754051,0.07405439347368828,0.2821741407325877,3
tick_micro,20,"(1, 4, 12)",48.864961195596734,48.99772962467737,0.13276842908063205,0.13276842908063205,0.07629428505064768,0.28412381947692805,3
tick_micro,21,"(1, 4, 49)",48.864709766019196,48.99008685480901,0.12537708878981021,0.12537708878981021,0.07386574519292526,0.284201647442983,3
tick_micro,22,"(1, 4, 30)",48.86425982129532,48.991578868436974,0.12731904714165163,0.12731904714165163,0.07414878495233707,0.28418637762318844,3
tick_micro,23,"(1, 4, 40)",48.86417337534054,48.98930046405916,0.12512708871862402,0.12512708871862402,0.07380544103929629,0.2841718136862518,3
tick_micro,24,"(1, 4, 36)",48.86403103819022,48.98866728197303,0.12463624378281264,0.12463624378281264,0.07373217839458439,0.2841793139833671,3
tick_micro,25,"(1, 4, 550)",48.86335152847464,48.987800464972366,0.12444893649772631,0.12444893649772631,0.0737079867426302,0.2841804195595337,3
tick_micro,26,"(1, 4, 560)",48.86302952515306,48.9880216457707,0.12499212061764056,0.12499212061764056,0.07378695665569877,0.28418368013720047,3
tick_micro,27,"(1, 4, 90)",48.86281615071263,48.98814019375779,0.12532404304515948,0.12532404304515948,0.07395099870808752,0.284216035199522,3
tick_micro,28,"(1, 4, 230)",48.86279030846162,48.98777619928654,0.1249858908249207,0.1249858908249207,0.07376151822488071,0.28416806598270256,3
tick_micro,29,"(1, 4, 450)",48.86272548913352,48.98893996083583,0.1262144717023113,0.1262144717023113,0.0740808822250501,0.2841694027769956,3
tick_micro,30,"(1, 4, 350)",48.862557390383095,48.986916002243106,0.1243586118600136,0.1243586118600136,0.07367981952769648,0.28418210245839687,3
1s_mid,1,"(370,)",-0.0037434868551352645,0.0,0.0037434868551352645,0.0037434868551352645,0.0010677669012055682,0.03852561054890347,1
1s_mid,2,"(580,)",-0.003941145840510436,0.0,0.003941145840510436,0.003941145840510436,0.0011256266340744087,0.03066158218393573,1
1s_mid,3,"(530,)",-0.004009910853617501,0.0,0.004009910853617501,0.004009910853617501,0.001204275743673719,0.046743288103917036,1
1s_mid,4,"(500,)",-0.004046408300477925,0.0,0.004046408300477925,0.004046408300477925,0.0011749573860698826,0.036539609321646016,1
1s_mid,5,"(170,)",-0.004060867286232329,0.0,0.004060867286232329,0.004060867286232329,0.001263724001841783,0.02888326789244368,1
1s_mid,6,"(470,)",-0.0042905485610570775,0.0,0.0042905485610570775,0.0042905485610570775,0.0012844383283744285,0.03223809005476307,1
1s_mid,7,"(510,)",-0.004411685218156932,0.0,0.004411685218156932,0.004411685218156932,0.0013904940836905165,0.03167715918406585,1
1s_mid,8,"(480,)",-0.004453056330501272,0.0,0.004453056330501272,0.004453056330501272,0.0013571023627306767,0.03794775186320795,1
1s_mid,9,"(240,)",-0.004501705598995322,0.0,0.004501705598995322,0.004501705598995322,0.001405212159467952,0.028138309252659144,1
1s_mid,10,"(560,)",-0.004535201322759175,0.0,0.004535201322759175,0.004535201322759175,0.001375991446270875,0.03721976789218157,1
1s_mid,11,"(400,)",-0.00459362560550849,0.0,0.00459362560550849,0.00459362560550849,0.0014317564998492579,0.0358498463632918,1
1s_mid,12,"(270,)",-0.004625891551111654,0.0,0.004625891551111654,0.004625891551111654,0.0013363287987892846,0.04781818196544266,1
1s_mid,13,"(150,)",-0.004633055620887819,0.0,0.004633055620887819,0.004633055620887819,0.001407103516542687,0.03392216152874176,1
1s_mid,14,"(390,)",-0.004672591927753631,0.0,0.004672591927753631,0.004672591927753631,0.0014069500586611457,0.03400254155413271,1
1s_mid,15,"(440,)",-0.004684887935543031,0.0,0.004684887935543031,0.004684887935543031,0.0013712825564167585,0.04473483898305067,1
1s_mid,16,"(49,)",-0.0046988725894648465,0.0,0.0046988725894648465,0.0046988725894648465,0.0013605889613725814,0.040135774076442754,1
1s_mid,17,"(310,)",-0.004731011305977244,0.0,0.004731011305977244,0.004731011305977244,0.0014097601812381076,0.04546245728683919,1
1s_mid,18,"(200,)",-0.004753758085515132,0.0,0.004753758085515132,0.004753758085515132,0.0013473723549545416,0.042638224139353004,1
1s_mid,19,"(520,)",-0.004760857933122703,0.0,0.004760857933122703,0.004760857933122703,0.0014948193594521689,0.03739014873210481,1
1s_mid,20,"(160,)",-0.00476144528132445,0.0,0.00476144528132445,0.00476144528132445,0.0013698037686866785,0.046832041026487484,1
1s_mid,21,"(540,)",-0.004795587068731054,0.0,0.004795587068731054,0.004795587068731054,0.0012780427384176723,0.04056907252440187,1
1s_mid,22,"(52,)",-0.0048783726853857245,0.0,0.0048783726853857245,0.0048783726853857245,0.0014613430881491823,0.048631819096950954,1
1s_mid,23,"(48,)",-0.004928627119881749,0.0,0.004928627119881749,0.004928627119881749,0.0013688524702269403,0.05151506108879038,1
1s_mid,24,"(300,)",-0.004935629105643549,0.0,0.004935629105643549,0.004935629105643549,0.0013783876921535884,0.04775256942499588,1
1s_mid,25,"(100,)",-0.0049470359331384006,0.0,0.0049470359331384006,0.0049470359331384006,0.001462715037016375,0.04022308327585446,1
1s_mid,26,"(140,)",-0.00494813031250973,0.0,0.00494813031250973,0.00494813031250973,0.001490151994873783,0.0350468719278945,1
1s_mid,27,"(360,)",-0.004969515098830543,0.0,0.004969515098830543,0.004969515098830543,0.0014809601901348084,0.04054486994512006,1
1s_mid,28,"(590,)",-0.00501212146726,0.0,0.00501212146726,0.00501212146726,0.0015086255816578883,0.03254225999172831,1
1s_mid,29,"(350,)",-0.005023932367577538,0.0,0.005023932367577538,0.005023932367577538,0.0015548715136227283,0.03986779855212828,1
1s_mid,30,"(190,)",-0.005052781255029004,0.0,0.005052781255029004,0.005052781255029004,0.0014337824898602758,0.04644214647613433,1
1s_micro,1,"(140,)",-0.004366469810031548,0.0,0.004366469810031548,0.004366469810031548,0.0013381237546707867,0.0335698086351714,1
1s_micro,2,"(530,)",-0.004404607035531613,0.0,0.004404607035531613,0.004404607035531613,0.0012868335451681342,0.03845757034154319,1
1s_micro,3,"(270,)",-0.004472757534763054,0.0,0.004472757534763054,0.004472757534763054,0.0013375559631971616,0.03729580959179998,1
1s_micro,4,"(580,)",-0.004486839551745161,0.0,0.004486839551745161,0.004486839551745161,0.0012808988363766309,0.035551398813434686,1
1s_micro,5,"(590,)",-0.004584114933511705,0.0,0.004584114933511705,0.004584114933511705,0.0013284155603146709,0.04000138818924698,1
1s_micro,6,"(400,)",-0.004597305647149598,0.0,0.004597305647149598,0.004597305647149598,0.0014195624446778799,0.03166223449790651,1
1s_micro,7,"(520,)",-0.004616499830537873,0.0,0.004616499830537873,0.004616499830537873,0.0013372564218009362,0.05052556769464795,1
1s_micro,8,"(150,)",-0.0046873209733559245,0.0,0.0046873209733559245,0.0046873209733559245,0.001447566131365951,0.03402839166587828,1
1s_micro,9,"(57,)",-0.004687630609636066,0.0,0.004687630609636066,0.004687630609636066,0.0014554467762285823,0.04215250366603066,1
1s_micro,10,"(280,)",-0.004729979581108148,0.0,0.004729979581108148,0.004729979581108148,0.0014218309269195585,0.04249012441946646,1
1s_micro,11,"(550,)",-0.004744160833583166,0.0,0.004744160833583166,0.004744160833583166,0.0013500293635193593,0.0522765525908769,1
1s_micro,12,"(48,)",-0.0047477394303494245,0.0,0.0047477394303494245,0.0047477394303494245,0.0014604760058257158,0.041993096787177144,1
1s_micro,13,"(52,)",-0.004783535141192373,0.0,0.004783535141192373,0.004783535141192373,0.0014273279352273003,0.044208609918679115,1
1s_micro,14,"(370,)",-0.004786083016852903,0.0,0.004786083016852903,0.004786083016852903,0.0013271081490022624,0.05869412114465194,1
1s_micro,15,"(500,)",-0.004822640825093601,0.0,0.004822640825093601,0.004822640825093601,0.0014528914397177704,0.03342447147695606,1
1s_micro,16,"(540,)",-0.004823311310625984,0.0,0.004823311310625984,0.004823311310625984,0.0013804946842758707,0.0696793725269677,1
1s_micro,17,"(410,)",-0.004833329499483199,0.0,0.004833329499483199,0.004833329499483199,0.0014558442146936005,0.0368745115567863,1
1s_micro,18,"(510,)",-0.004859877753302912,0.0,0.004859877753302912,0.004859877753302912,0.00146095410008202,0.060538573323482094,1
1s_micro,19,"(570,)",-0.004885216216091889,0.0,0.004885216216091889,0.004885216216091889,0.001494152845703315,0.03688720815937605,1
1s_micro,20,"(440,)",-0.004913812183193532,0.0,0.004913812183193532,0.004913812183193532,0.0016052184306484234,0.033648893603220244,1
1s_micro,21,"(200,)",-0.004959432061987054,0.0,0.004959432061987054,0.004959432061987054,0.0015519386846995203,0.03771802411455077,1
1s_micro,22,"(390,)",-0.004973894817428959,0.0,0.004973894817428959,0.004973894817428959,0.0015009946266518628,0.04655564356445126,1
1s_micro,23,"(470,)",-0.005008025088919593,0.0,0.005008025088919593,0.005008025088919593,0.0015911327578845473,0.03401612255340273,1
1s_micro,24,"(260,)",-0.005023101079693956,0.0,0.005023101079693956,0.005023101079693956,0.0015249116817354668,0.037890667383131585,1
1s_micro,25,"(160,)",-0.005025963596548988,0.0,0.005025963596548988,0.005025963596548988,0.0014517111979562517,0.05325281238189423,1
1s_micro,26,"(450,)",-0.005044898354124818,0.0,0.005044898354124818,0.005044898354124818,0.0015796547366226327,0.036009816412169104,1
1s_micro,27,"(460,)",-0.005076174803199911,0.0,0.005076174803199911,0.005076174803199911,0.0014675599630682708,0.05696995414375112,1
1s_micro,28,"(240,)",-0.005092863167700613,0.0,0.005092863167700613,0.005092863167700613,0.0015835730231103832,0.039243737613577204,1
1s_micro,29,"(340,)",-0.005103272333727531,0.0,0.005103272333727531,0.005103272333727531,0.001630283536345781,0.03287771413897381,1
1s_micro,30,"(430,)",-0.005126938905451895,0.0,0.005126938905451895,0.005126938905451895,0.0015485936796813633,0.0378007069839048,1
